{
  "models": {
    "5D_DEonly": {
      "chi2": 283239584.5540926,
      "chi2_lcdm": 284355129.7670858,
      "delta_chi2": -1115545.2129932046,
      "bic": 283239601.4584614,
      "aic": 283239590.5540926,
      "H0": 67.4,
      "Omega_m": 0.3149630881947425,
      "Omega_DE": 0.6848277422516975,
      "Omega_DM_foreign": 0.0,
      "Omega_m_local": 0.3149630881947425
    },
    "5D_withDM": {
      "chi2": 283604646.40908283,
      "chi2_lcdm": 284355129.7670858,
      "delta_chi2": -750483.3580029607,
      "bic": 283604668.94824123,
      "aic": 283604654.40908283,
      "H0": 69.59340228980842,
      "Omega_m": 0.4923022505471728,
      "Omega_DE": 0.5075015556513599,
      "Omega_DM_foreign": 0.19687777531663564,
      "Omega_m_local": 0.29542447523053716
    },
    "4D_DEonly": {
      "chi2": 285097075.219334,
      "chi2_lcdm": 284355129.7670858,
      "delta_chi2": 741945.4522482157,
      "bic": 285097092.1237028,
      "aic": 285097081.219334,
      "H0": 67.4,
      "Omega_m": 0.3149630881947425,
      "Omega_DE": 0.6848277422516975,
      "Omega_DM_foreign": 0.0,
      "Omega_m_local": 0.3149630881947425
    },
    "4D_withDM": {
      "chi2": 285147148.46047395,
      "chi2_lcdm": 284355129.7670858,
      "delta_chi2": 792018.693388164,
      "bic": 285147170.99963236,
      "aic": 285147156.46047395,
      "H0": 69.59340228980842,
      "Omega_m": 0.4923022505471728,
      "Omega_DE": 0.5075015556513599,
      "Omega_DM_foreign": 0.19687777531663564,
      "Omega_m_local": 0.29542447523053716
    }
  },
  "winner": "5D_DEonly"
}