{
  "params": {
    "alpha": 0.3,
    "beta": 2.5,
    "a_contact": 0.3,
    "d_init": 3.0,
    "v_init": 0.3,
    "N_universes": 2,
    "Omega_m_univ": 0.315,
    "Omega_r_univ": 9.2e-05,
    "Omega_k_univ": 0.0,
    "H0_univ": 67.4,
    "z_max": 20.0,
    "n_steps": 10000,
    "tol": 1e-08
  },
  "chi2_model": 283239584.5254117,
  "chi2_lcdm": 284355129.93788433,
  "bic_merger": 283239601.42978054,
  "bic_lcdm": 284355141.20746356,
  "aic_merger": 283239590.5254117,
  "aic_lcdm": 284355133.93788433,
  "H0_model": 67.4,
  "Omega_m_model": 0.3149630881947425,
  "Omega_DE_model": 0.6848277422516975,
  "hubble_tension": {
    "H0_model": 67.4,
    "H0_Planck": 67.4,
    "H0_Riess": 73.04,
    "delta_vs_Planck": 0.0,
    "delta_vs_Riess": -5.640000000000001
  }
}