{
  "params": {
    "alpha": 0.3,
    "beta": 2.5,
    "a_contact": 0.3,
    "d_init": 3.0,
    "v_init": 0.3,
    "N_universes": 2,
    "Omega_m_univ": 0.315,
    "Omega_r_univ": 9.2e-05,
    "Omega_k_univ": 0.0,
    "H0_univ": 67.4,
    "include_foreign_dm": false,
    "geometry": "4D",
    "alpha_dm": 0.15,
    "beta_dm": 1.5,
    "overdensity_factor": 1.0,
    "tunneling_scale": 0.15,
    "time_dilation_enhancement": 0.0,
    "interference_scale": 0.2,
    "z_max": 10.0,
    "n_steps": 2500,
    "tol": 1e-08
  },
  "chi2_model": 285097129.1387906,
  "chi2_lcdm": 284356346.00060475,
  "bic_merger": 285097146.0431594,
  "bic_lcdm": 284356357.270184,
  "aic_merger": 285097135.1387906,
  "aic_lcdm": 284356350.00060475,
  "H0_model": 67.4,
  "Omega_m_model": 0.3149630881947425,
  "Omega_DE_model": 0.6848277422516975,
  "hubble_tension": {
    "H0_model": 67.4,
    "H0_Planck": 67.4,
    "H0_Riess": 73.04,
    "delta_vs_Planck": 0.0,
    "delta_vs_Riess": -5.640000000000001
  }
}